{"cameraMode":{"drawMode":0,"name":"Shaded","section":"Shading Mode"},"sceneLighting":true,"audioPlay":false,"sceneViewState":{"showFog":true,"showMaterialUpdate":true,"showSkybox":true,"showFlares":true,"showImageEffects":true,"showParticleSystems":true},"in2DMode":false,"pivot":{"x":-0.6761043071746826,"y":-9.771066665649414,"z":79.48804473876953},"rotation":{"x":0.09585238248109818,"y":-0.004479170776903629,"z":0.0004317981656640768,"w":0.9953902363777161},"size":100.69732666015625,"orthographic":false}