Block Number,Task Number,Sequence Length,Shown Sequence,Participant Sequence,Answered Correctly,Reaction Time,
1,1,6,22185,22185,True,2.594688,
1,2,6,76071,76071,True,2.604789,
2,1,7,815730,815730,True,3.0483,
2,2,7,127864,127864,True,3.723185,
3,1,8,0280817,0281072,False,5.039776,
3,2,8,2641010,2641010,True,5.127636,
4,1,9,02103214,02103214,True,4.425919,
4,2,9,74207005,74200050,False,4.113636,
