Block Number,Task Number,Sequence Length,Shown Sequence,Participant Sequence,Answered Correctly,Reaction Time,
1,1,6,48138,48138,True,4.561033,
1,2,6,32301,32301,True,3.736519,
2,1,7,453712,453712,True,3.350199,
2,2,7,286556,286556,True,3.079273,
3,1,8,7014286,7014286,True,5.308258,
3,2,8,6233781,6233781,True,4.678837,
4,1,9,10154351,10154351,True,3.181789,
4,2,9,72783478,72783478,True,6.146469,
